1,Mr,Robbie Follet,22,Colombia,Chiquinquirá,Hazelcrest,09833,154648,1643856953,rfollet0@surveymonkey.com,3548719299364529
2,Mr,Morgan Telford,32,Kenya,Meru,Sunbrook,0224,342,3176270617,mtelford1@free.fr,3576673413772833
3,Mrs,Betsy Ephson,30,Argentina,Bernardo de Irigoyen,Homewood,98,2248,2197564069,bephson2@google.ca,3016641052988023
4,Mrs,Lewie Hansell,65,Brazil,Cacequi,Kings,30080,97450,7404625399,lhansell3@histats.com,3056555485138224
5,Mr,Tildy Summerson,55,Venezuela,San José de Barlovento,Dovetail,78678,234,8276958231,tsummerson4@ihg.com,4017952431989415
6,Mrs,Mela Klimus,37,Mexico,Independencia,Heath,1794,89759,6819775987,mklimus5@github.com,3582000258307594
7,Mrs,Kathie Chomicz,48,Russia,Labytnangi,Colorado,781,629405,2603968444,kchomicz6@yellowpages.com,3407904469724602
8,Mrs,Faydra Shepcutt,80,Indonesia,Karangpaningal,Derek,5078,2352,1978336435,fshepcutt7@rediff.com,3532095443241972
9,Mr,Kial Hawkslee,74,Russia,Shali,Iowa,975,366309,4732794982,khawkslee8@chronoengine.com,3574637720862183
10,Mr,My Howselee,26,Philippines,Isugod,Maywood,70,4336,1008592585,mhowselee9@dion.ne.jp,3723012602605692
11,Mrs,Haley Wodeland,38,China,Potou,Utah,34246,5323,6487548501,hwodelanda@soundcloud.com,3032429457163892
12,Mr,Jeff Leeson,70,Philippines,Bagay,Loeprich,61,1697,4298171216,jleesonb@kickstarter.com,3001932084549251
13,Mrs,Molly Sartin,85,South Africa,Roodepoort,Burrows,5620,1794,8889107308,msartinc@addthis.com,3548869059158577
14,Mrs,Elga Kordas,26,China,Songzhuang,Westport,2784,5212,7421232673,ekordasd@nps.gov,1201575740591209
15,Mr,Emmey Ovett,38,China,Lijia,Ridgeview,224,6357,2121756291,eovette@ustream.tv,4913059956252427
16,Mrs,Elianora Cavendish,32,Mexico,Fernando Gutierrez Barrios,Holmberg,629,93420,5536905859,ecavendishf@nsw.gov.au,3530093907582876
17,Mrs,Selina Le Grove,59,Saudi Arabia,Al Muţayrifī,Maywood,06,7332,6974580546,sleg@apache.org,4182805758453069
18,Mrs,Dania Abrahmovici,57,Indonesia,Rabig,Clyde Gallagher,47,7432,7476662528,dabrahmovicih@gmpg.org,3570637815643104
19,Mrs,Ara Nickless,46,Indonesia,Jeding,Burning Wood,76854,1241,3204499306,anicklessi@163.com,3584231188168420
20,Mr,Horton Gerrelts,26,Philippines,Anuling,Artisan,35664,42221,1459097022,hgerreltsj@umn.edu,3538483522282162
21,Mr,Neils Frean,31,Indonesia,Karangsari,Fisk,024,2351,6565685639,nfreank@instagram.com,2201817036913733
22,Mr,Isiahi Carrier,65,Portugal,Roliça,Gerald,87,2540,4326792316,icarrierl@furl.net,3543049077763725
23,Mr,Buddie Stitt,19,China,Jinrui,Tennessee,4,6312,4018765011,bstittm@dailymail.co.uk,1230010201514950
24,Mr,Hubey Oran,49,China,Suhe,Gateway,942,7311,2712162872,horann@chronoengine.com,2016267882486972
25,Mrs,Vonnie Wooller,64,Indonesia,Lakateng,Manley,9,2143,1897126773,vwoollero@newsvine.com,3552421878674096
26,Mrs,Teresa Behrens,39,Iran,Bīleh Savār,Melrose,54833,7334,6944168867,tbehrensp@boston.com,3565344386789674
27,Mrs,Winna Hosby,22,Poland,Wolanów,Service,234,26625,5722898305,whosbyq@apple.com,3035156697396342
28,Mrs,Dredi Lambregts,45,Panama,Cartí Suitupo,Sunbrook,3,621356,6382967082,dlambregtsr@altervista.org,5602228816963977
29,Mr,Ade Landeaux,26,Japan,Kaminokawa,Waxwing,10,8997,6165023201,alandeauxs@wikia.com,3545084339827875
30,Mrs,Kirstyn Aguilar,51,China,Xin’an,Village,742,4722,7713024691,kaguilart@bbc.co.uk,1132265776705908
