1,17,Mr,Faulkner Anstice,69,Uzbekistan,Xo’jayli Shahri,Holmberg,677,2342,7527703663,fanstice0@google.co.jp
2,27,Mrs,Rainer Puttrell,68,Brazil,Estância Velha,Southridge,62,93600,6802419421,rputtrell1@theguardian.com
3,23,Mrs,Kaia Coldbath,14,Russia,Zapolyarnyy,Hovde,5788,184433,2171066686,kcoldbath2@ifeng.com
4,15,Mrs,Marcellina Whiteway,49,Cuba,Guantánamo,Ryan,8,5234,5136295399,mwhiteway3@godaddy.com
5,2,Mr,Cristi Lakeman,60,Russia,Yantal’,7th,7,679005,2819158887,clakeman4@businessinsider.com
6,1,Mrs,Nessi Budgeon,76,China,Changle,Randy,629,2346,4246936988,nbudgeon5@utexas.edu
7,23,Mr,Avril Beadell,94,Indonesia,Taloko,Randy,20,3734,9636484690,abeadell6@princeton.edu
8,8,Mr,Yolanthe Rudman,49,Peru,Chiara,Jackson,7484,8452,3469295098,yrudman7@hubpages.com
9,16,Mr,Zia Godfery,8,Albania,Gjegjan,Sutteridge,48926,8435,2316530746,zgodfery8@statcounter.com
10,26,Mrs,Beryle Spatoni,16,Finland,Närpes,Glacier Hill,4849,64210,4784810403,bspatoni9@time.com
11,9,Mrs,Anthia Parkyn,1,Brazil,Ibaiti,Clemons,621,84900,6918591049,aparkyna@google.co.uk
12,28,Mrs,Kahlil Billingsley,6,South Africa,Oudtshoorn,Waxwing,10,6651,3605502404,kbillingsleyb@xinhuanet.com
13,21,Mr,Cammie Epton,27,Colombia,Ciénega,Schlimgen,7596,153457,4848299341,ceptonc@answers.com
14,14,Mrs,Verla Amphlett,35,Latvia,Valmiera,Carioca,50392,74234,3254207133,vamphlettd@theguardian.com
15,20,Mrs,Miltie Linklater,33,Indonesia,Hobonio,Dixon,90,732,6847896712,mlinklatere@fc2.com
16,3,Mr,Kimberley Plewright,10,Russia,Chuguyevka,International,0353,692607,4567672649,kplewrightf@nih.gov
17,10,Mr,Sibby Mariotte,93,China,Xinji,Marquette,83006,262,1076972789,smariotteg@barnesandnoble.com
18,2,Mrs,Odilia Briggs,47,China,Jiale,Porter,09911,3463,6338333048,obriggsh@51.la
19,28,Mr,Pammi Chaves,24,China,Mingyihe,Meadow Ridge,7,12435,4037915336,pchavesi@businesswire.com
20,25,Mrs,Hermie Axston,62,Russia,Tsivil’sk,Boyd,4,429905,4885629975,haxstonj@oracle.com
21,12,Mr,Phil Collman,74,Japan,Fukuchiyama,Commercial,3026,62045,2835995463,pcollmank@liveinternet.ru
22,17,Mrs,Felipa Press,85,China,Shuangtang,Everett,72976,5473,8004095765,fpressl@de.vu
23,26,Mr,Milt Ovenell,27,Portugal,Ribeira,Green,551,4690,9493634810,movenellm@taobao.com
24,2,Mrs,Minerva Skill,26,France,Paris,Hovde,4,75396,9428373127,mskilln@dot.gov
25,17,Mr,Huberto Gerren,58,Sweden,Sundbyberg,Nancy,74,17459,6307864214,hgerreno@yale.edu
26,2,Mrs,Calvin Almak,93,Indonesia,Oeri’u,Chive,90,4374,2681622014,calmakp@prlog.org
27,30,Mr,Zacharias Alexander,69,France,Saint-Maixent-l'École,Helena,213,79404,4079545581,zalexanderq@howstuffworks.com
28,11,Mrs,Virgie Pinar,26,Ukraine,Blyznyuky,Hoffman,10,3732,4702341985,vpinarr@arstechnica.com
29,21,Mrs,Corella Nolot,84,Brazil,Coruripe,Towne,2838,57230,9673971827,cnolots@360.cn
30,10,Mrs,Elvira Stukings,85,France,Issy-les-Moulineaux,Arkansas,6283,92787,7686268075,estukingst@google.co.jp
31,22,Mr,Zedekiah Moodie,28,Nicaragua,San Sebastián de Yalí,High Crossing,7509,4673,5811867929,zmoodieu@goodreads.com
32,20,Mrs,Ruddy Gleeson,94,Ireland,Dromiskin,Ohio,87,23456,1173359342,rgleesonv@howstuffworks.com
33,2,Mrs,Agneta Sains,78,France,Billère,Carpenter,6,64145,6784773368,asainsw@acquirethisname.com
34,17,Mr,Chad Robertazzi,53,Philippines,Santo Rosario,Doe Crossing,7,3114,8294729074,crobertazzix@independent.co.uk
35,26,Mrs,Torin Huntriss,92,Sierra Leone,Masingbi,Paget,9334,72345,9575279132,thuntrissy@topsy.com
36,24,Mrs,Dolorita Rickaby,7,Brazil,Palmital,Crest Line,8598,1997,6098852808,drickabyz@spotify.com
37,22,Mr,Micky Beverage,91,Indonesia,Hewa,Mosinee,2,4723,5527580917,mbeverage10@independent.co.uk
38,25,Mrs,Joelie Hemstead,43,China,Zhentou,Eliot,33565,8421,2519198837,jhemstead11@time.com
39,21,Mrs,Lindy Werrit,63,Macedonia,Крушево,Coleman,1314,7550,5285094762,lwerrit12@discovery.com
40,2,Mr,Chance Capponer,57,Pakistan,Pasrūr,Coleman,9,51480,9864439003,ccapponer13@sitemeter.com
41,24,Mrs,Abbe Harriman,25,Indonesia,Takengon,Vermont,4,96566,7335307209,aharriman14@amazonaws.com
42,28,Mrs,Arlan Clausen,61,China,Ji’an,Heath,56392,357234,8272110079,aclausen15@illinois.edu
43,16,Mrs,Phillida Gillbard,23,United States,Pittsburgh,North,21,15274,4129787911,pgillbard16@unblog.fr
44,21,Mrs,Bess Tilt,2,Morocco,Kasba Tadla,Ridgeway,25,84532,4917686176,btilt17@bravesites.com
45,5,Mr,Marleah Hussell,31,China,Dong Liang’erzhuang,Morningstar,520,8533,2773263756,mhussell18@geocities.com
46,4,Mr,Ynez Teggin,76,Panama,Aserrío de Gariché,Forster,33300,5833,7736884010,yteggin19@posterous.com
47,18,Mrs,Lelia Hasslocher,70,Paraguay,Repatriación,Colorado,77,58345,7974226678,lhasslocher1a@imgur.com
48,28,Mrs,Farrand Edds,15,Czech Republic,Velké Svatoňovice,Dryden,008,5425,1624813293,fedds1b@whitehouse.gov
49,7,Mr,Constantine Baggarley,62,South Korea,Busan,Hayes,42,5642,6664639878,cbaggarley1c@europa.eu
50,17,Mr,Normie Piell,23,Brazil,Águas Vermelhas,Mifflin,78369,39990,8091263356,npiell1d@reddit.com
